{
    "_failed Repos": {
        "FalseNeg": [
            "1804.04128",
            "1912.12055",
            "2007.16196",
            "2203.01044"
        ],
        "FalsePos": []
    },
    "f1_score": 0.9714285714285714,
    "precision": 1.0,
    "recall": 0.9444444444444444
}