{
    "_failed Repos": {
        "FalseNeg": [
            "1906.03720",
            "2103.04388",
            "2201.04768",
            "1711.08200",
            "1912.12055",
            "2106.02713",
            "1903.11991",
            "2106.06158",
            "2010.02793",
            "1707.06588",
            "1904.04174",
            "2207.00921",
            "1901.05674",
            "2109.01100",
            "1804.00247",
            "1903.10583",
            "2106.10955",
            "2007.16196",
            "2003.08361",
            "2204.12201",
            "1708.07747"
        ],
        "FalsePos": []
    },
    "f1_score": 0.8264462809917354,
    "precision": 1.0,
    "recall": 0.704225352112676
}